<?xml version="1.0" encoding="utf-8" ?>
<dwsync>
<file name="_box.scss" server="win20.htmljunction.com//skfmn12/dev1.skfjunction.com/" local="131126821480000000" remote="131289160200000000" Dst="1" />
<file name="_button.scss" server="win20.htmljunction.com//skfmn12/dev1.skfjunction.com/" local="131126821480000000" remote="131289160200000000" Dst="1" />
<file name="_form.scss" server="win20.htmljunction.com//skfmn12/dev1.skfjunction.com/" local="131126821480000000" remote="131289160200000000" Dst="1" />
<file name="_grid-demo.scss" server="win20.htmljunction.com//skfmn12/dev1.skfjunction.com/" local="131126821480000000" remote="131289160200000000" Dst="1" />
<file name="_icon.scss" server="win20.htmljunction.com//skfmn12/dev1.skfjunction.com/" local="131126821480000000" remote="131289160200000000" Dst="1" />
<file name="_image.scss" server="win20.htmljunction.com//skfmn12/dev1.skfjunction.com/" local="131126821480000000" remote="131289160200000000" Dst="1" />
<file name="_list.scss" server="win20.htmljunction.com//skfmn12/dev1.skfjunction.com/" local="131126821480000000" remote="131289160200000000" Dst="1" />
<file name="_section.scss" server="win20.htmljunction.com//skfmn12/dev1.skfjunction.com/" local="131126821480000000" remote="131289160200000000" Dst="1" />
<file name="_table.scss" server="win20.htmljunction.com//skfmn12/dev1.skfjunction.com/" local="131126821480000000" remote="131289160200000000" Dst="1" />
</dwsync>